<!DOCTYPE suite SYSTEM "https://testng.org/testng-1.0.dtd" >
<suite name="Myproject" parallel="classes" thread-count="3">
    <test name="MyprojectsPOM" >
        <classes>

            <class name="AccountsPageTest" />
            <class name="HeaderSectionTest" />
            <class name="HomePageTest" />
            <class name="LoginPageTest" />
            <class name="MovieDetailsPageTest" />
            <class name="PopularPageTest" />
            <class name="SearchPageTest" />

        </classes>
    </test>
</suite>